{"cameraMode":{"drawMode":0,"name":"Shaded","section":"Shading Mode"},"sceneLighting":true,"audioPlay":false,"sceneViewState":{"showFog":true,"showMaterialUpdate":false,"showSkybox":true,"showFlares":true,"showImageEffects":true,"showParticleSystems":true},"in2DMode":false,"pivot":{"x":-0.009197564795613289,"y":0.031817562878131869,"z":16.149982452392579},"rotation":{"x":0.13021618127822877,"y":-0.061149876564741138,"z":0.008103464730083943,"w":0.9898049831390381},"size":20.714305877685548,"orthographic":false}