{"cameraMode":{"drawMode":0,"name":"Shaded","section":"Shading Mode"},"sceneLighting":true,"audioPlay":false,"sceneViewState":{"showFog":true,"showMaterialUpdate":true,"showSkybox":true,"showFlares":true,"showImageEffects":true,"showParticleSystems":true},"in2DMode":false,"pivot":{"x":0.8760108351707459,"y":2.9482421875,"z":5.348437786102295},"rotation":{"x":0.1621650606393814,"y":-0.01332140527665615,"z":0.002188158454373479,"w":0.986680269241333},"size":12.022553443908692,"orthographic":true}