{"cameraMode":{"drawMode":0,"name":"Shaded","section":"Shading Mode"},"sceneLighting":false,"audioPlay":false,"sceneViewState":{"showFog":true,"showMaterialUpdate":false,"showSkybox":false,"showFlares":true,"showImageEffects":true,"showParticleSystems":true},"in2DMode":false,"pivot":{"x":9.826170921325684,"y":-9.74875259399414,"z":17.68448829650879},"rotation":{"x":0.3274487853050232,"y":0.3299066126346588,"z":-0.12311657518148422,"w":0.8770431280136108},"size":22.712432861328126,"orthographic":false}