{"cameraMode":{"drawMode":0,"name":"Shaded","section":"Shading Mode"},"sceneLighting":false,"audioPlay":false,"sceneViewState":{"showFog":true,"showMaterialUpdate":true,"showSkybox":false,"showFlares":true,"showImageEffects":true,"showParticleSystems":true},"in2DMode":false,"pivot":{"x":0.2341461181640625,"y":-0.11767578125,"z":11.5234375},"rotation":{"x":0.17104263603687287,"y":-0.011823420412838459,"z":0.002049045404419303,"w":0.9852030277252197},"size":9.102104187011719,"orthographic":true}