{"cameraMode":{"drawMode":0,"name":"Shaded","section":"Shading Mode"},"sceneLighting":true,"audioPlay":false,"sceneViewState":{"showFog":true,"showMaterialUpdate":false,"showSkybox":true,"showFlares":true,"showImageEffects":true,"showParticleSystems":true},"in2DMode":false,"pivot":{"x":4.107560157775879,"y":-7.156852722167969,"z":9.852603912353516},"rotation":{"x":0.38294821977615359,"y":0.35690397024154665,"z":-0.16334785521030427,"w":0.8364874720573425},"size":22.0,"orthographic":false}