{"cameraMode":{"drawMode":0,"name":"Shaded","section":"Shading Mode"},"sceneLighting":false,"audioPlay":false,"sceneViewState":{"showFog":true,"showMaterialUpdate":true,"showSkybox":false,"showFlares":true,"showImageEffects":true,"showParticleSystems":true},"in2DMode":false,"pivot":{"x":-0.1165618896484375,"y":3.42578125,"z":8.73828125},"rotation":{"x":0.08180667459964752,"y":0.004169083200395107,"z":-0.0003553067799657583,"w":0.9966580867767334},"size":11.385489463806153,"orthographic":true}